boson-1,johnstone
boson-2,petrovic
boson-3,edouard
boson-4,welbeck
boson-5,coufal
boson-6,garner
boson-7,dunk
boson-8,doku
boson-9,becker
boson-10,dalot
boson-11,hojlund
boson-12,pickford
boson-13,prearia
boson-14,trippier
boson-15,martinez
boson-16,soucek
boson-17,van-dijk
boson-18,gvardiol
boson-19,nunez
boson-20,leno
boson-21,kudus
boson-22,ward-prowse
boson-23,magalhaes
boson-24,hernandez
boson-25,saliba
boson-26,mateta
boson-27,rice
boson-28,havertz
boson-29,gordon
boson-30,son
boson-31,saka
boson-32,foden
boson-33,palmer
boson-34,erling
boson-35,salah
boson-36,
boson-37,
boson-38,
boson-39,
boson-40,
boson-41,
boson-42,
boson-43,
boson-44,
boson-45,
boson-46,
boson-47,
boson-48,
boson-49,
boson-50,
boson-51,
boson-52,
boson-53,
boson-54,
boson-55,
boson-56,
boson-57,
boson-58,
boson-59,
boson-60,
boson-61,
boson-62,
boson-63,
boson-64,
boson-65,
boson-66,
boson-67,
boson-68,
boson-69,
boson-70,
boson-71,
boson-72,
boson-73,
boson-74,
boson-75,
boson-76,
boson-77,
boson-78,
boson-79,
boson-80,
boson-81,
boson-82,
boson-83,
boson-84,
boson-85,
boson-86,
boson-87,
boson-88,
boson-89,
boson-90,
boson-91,
boson-92,
boson-93,
boson-94,
boson-95,
boson-96,
boson-97,
boson-98,
boson-99,
boson-100,
boson-101,
boson-102,
boson-103,
boson-104,
boson-105,
boson-106,
boson-107,
boson-108,
boson-109,
boson-110,
boson-111,
boson-112,
boson-113,
boson-114,
boson-115,
boson-116,
boson-117,
boson-118,
boson-119,
boson-120,
boson-121,
boson-122,
boson-123,
boson-124,
boson-125,
boson-126,
boson-127,
boson-128,
boson-129,
boson-130,
boson-131,
boson-132,
boson-133,
boson-134,
boson-135,
boson-136,
boson-137,
boson-138,
boson-139,
boson-140,
boson-141,
boson-142,
boson-143,
boson-144,
boson-145,
boson-146,
boson-147,
boson-148,
boson-149,
boson-150,
boson-151,
boson-152,
boson-153,
boson-154,
boson-155,
boson-156,
boson-157,
boson-158,
boson-159,
boson-160,
boson-161,
boson-162,
boson-163,
boson-164,
boson-165,
boson-166,
boson-167,
boson-168,
boson-169,
boson-170,
boson-171,
boson-172,
boson-173,
boson-174,
boson-175,
boson-176,
boson-177,
boson-178,
boson-179,
boson-180,
boson-181,
boson-182,
boson-183,
boson-184,
boson-185,
boson-186,
boson-187,
boson-188,
boson-189,
boson-190,
boson-191,
boson-192,
boson-193,
boson-194,
boson-195,
boson-196,
boson-197,
boson-198,
boson-199,
boson-200,
muon-1,
muon-2,
muon-3,
muon-4,
muon-5,
muon-6,
muon-7,
muon-8,
muon-9,
muon-10,
muon-11,
muon-12,
muon-13,
muon-14,
muon-15,
muon-16,
muon-17,
muon-18,
muon-19,
muon-20,
muon-21,
muon-22,
muon-23,
muon-24,
muon-25,
muon-26,
muon-27,
muon-28,
muon-29,
muon-30,
muon-31,
muon-32,
muon-33,
muon-34,
muon-35,
muon-36,
muon-37,
muon-38,
muon-39,
muon-40,
muon-41,
muon-42,
muon-43,
muon-44,
muon-45,
muon-46,
muon-47,
muon-48,
muon-49,
muon-50,
muon-51,
muon-52,
muon-53,
muon-54,
muon-55,
muon-56,
muon-57,
muon-58,
muon-59,
muon-60,
muon-61,
muon-62,
muon-63,
muon-64,
muon-65,
muon-66,
muon-67,
muon-68,
muon-69,
muon-70,
muon-71,
muon-72,
muon-73,
muon-74,
muon-75,
muon-76,
muon-77,
muon-78,
muon-79,
muon-80,
muon-81,
muon-82,
muon-83,
muon-84,
muon-85,
muon-86,
muon-87,
muon-88,
muon-89,
muon-90,
muon-91,
muon-92,
muon-93,
muon-94,
muon-95,
muon-96,
muon-97,
muon-98,
muon-99,
muon-100,
muon-101,
muon-102,
muon-103,
muon-104,
muon-105,
muon-106,
muon-107,
muon-108,
muon-109,
muon-110,
muon-111,
muon-112,
muon-113,
muon-114,
muon-115,
muon-116,
muon-117,
muon-118,
muon-119,
muon-120,
muon-121,
muon-122,
muon-123,
muon-124,
muon-125,
muon-126,
muon-127,
muon-128,
muon-129,
muon-130,
muon-131,
muon-132,
muon-133,
muon-134,
muon-135,
muon-136,
muon-137,
muon-138,
muon-139,
muon-140,
muon-141,
muon-142,
muon-143,
muon-144,
muon-145,
muon-146,
muon-147,
muon-148,
muon-149,
muon-150,
muon-151,
muon-152,
muon-153,
muon-154,
muon-155,
muon-156,
muon-157,
muon-158,
muon-159,
muon-160,
muon-161,
muon-162,
muon-163,
muon-164,
muon-165,
muon-166,
muon-167,
muon-168,
muon-169,
muon-170,
muon-171,
muon-172,
muon-173,
muon-174,
muon-175,
muon-176,
muon-177,
muon-178,
muon-179,
muon-180,
muon-181,
muon-182,
muon-183,
muon-184,
muon-185,
muon-186,
muon-187,
muon-188,
muon-189,
muon-190,
muon-191,
muon-192,
muon-193,
muon-194,
muon-195,
muon-196,
muon-197,
muon-198,
muon-199,
muon-200,
muon-201,
muon-202,
muon-203,
muon-204,
muon-205,
muon-206,
muon-207,
muon-208,
muon-209,
muon-210,
muon-211,
muon-212,
muon-213,
muon-214,
muon-215,
muon-216,
muon-217,
muon-218,
muon-219,
muon-220,
muon-221,
muon-222,
muon-223,
muon-224,
muon-225,
muon-226,
muon-227,
muon-228,
muon-229,
muon-230,
muon-231,
muon-232,
muon-233,
muon-234,
muon-235,
muon-236,
muon-237,
muon-238,
muon-239,
muon-240,
muon-241,
muon-242,
muon-243,
muon-244,
muon-245,
muon-246,
muon-247,
muon-248,
muon-249,
muon-250,
muon-251,
muon-252,
muon-253,
muon-254,
muon-255,
muon-256,
muon-257,
muon-258,
muon-259,
muon-260,
muon-261,
muon-262,
muon-263,
muon-264,
muon-265,
muon-266,
muon-267,
muon-268,
muon-269,
muon-270,
muon-271,
muon-272,
muon-273,
muon-274,
muon-275,
muon-276,
muon-277,
muon-278,
muon-279,
muon-280,
muon-281,
muon-282,
muon-283,
muon-284,
muon-285,
muon-286,
muon-287,
muon-288,
muon-289,
muon-290,
muon-291,
muon-292,
muon-293,
muon-294,
muon-295,
muon-296,
muon-297,
muon-298,
muon-299,
muon-300,
muon-301,
muon-302,
muon-303,
muon-304,
muon-305,
muon-306,
muon-307,
muon-308,
muon-309,
muon-310,
muon-311,
muon-312,
muon-313,
muon-314,
muon-315,
muon-316,
muon-317,
muon-318,
muon-319,
muon-320,
muon-321,
muon-322,
muon-323,
muon-324,
muon-325,
muon-326,
muon-327,
muon-328,
muon-329,
muon-330,
muon-331,
muon-332,
muon-333,
muon-334,
muon-335,
muon-336,
muon-337,
muon-338,
muon-339,
muon-340,
muon-341,
muon-342,
muon-343,
muon-344,
muon-345,
muon-346,
muon-347,
muon-348,
muon-349,
muon-350,
muon-351,
muon-352,
muon-353,
muon-354,
muon-355,
muon-356,
muon-357,
muon-358,
muon-359,
muon-360,
muon-361,
muon-362,
muon-363,
muon-364,
muon-365,
muon-366,
muon-367,
muon-368,
muon-369,
muon-370,
muon-371,
muon-372,
muon-373,
muon-374,
muon-375,
muon-376,
muon-377,
muon-378,
muon-379,
muon-380,
muon-381,
muon-382,
muon-383,
muon-384,
muon-385,
muon-386,
muon-387,
muon-388,
muon-389,
muon-390,
muon-391,
muon-392,
muon-393,
muon-394,
muon-395,
muon-396,
muon-397,
muon-398,
muon-399,
muon-400,
muon-401,
muon-402,
muon-403,
muon-404,
muon-405,
muon-406,
muon-407,
muon-408,
muon-409,
muon-410,
muon-411,
muon-412,
muon-413,
muon-414,
muon-415,
muon-416,
muon-417,
muon-418,
muon-419,
muon-420,
muon-421,
muon-422,
muon-423,
muon-424,
muon-425,
muon-426,
muon-427,
muon-428,
muon-429,
muon-430,
muon-431,
muon-432,
muon-433,
muon-434,
muon-435,
muon-436,
muon-437,
muon-438,
muon-439,
muon-440,
muon-441,
muon-442,
muon-443,
muon-444,
muon-445,
muon-446,
muon-447,
muon-448,
muon-449,
muon-450,
muon-451,
muon-452,
muon-453,
muon-454,
muon-455,
muon-456,
muon-457,
muon-458,
muon-459,
muon-460,
muon-461,
muon-462,
muon-463,
muon-464,
muon-465,
muon-466,
muon-467,
muon-468,
muon-469,
muon-470,
muon-471,
muon-472,
muon-473,
muon-474,
muon-475,
muon-476,
muon-477,
muon-478,
muon-479,
muon-480,
muon-481,
muon-482,
muon-483,
muon-484,
muon-485,
muon-486,
muon-487,
muon-488,
muon-489,
muon-490,
muon-491,
muon-492,
muon-493,
muon-494,
muon-495,
muon-496,
muon-497,
muon-498,
muon-499,
muon-500,
muon-501,
muon-502,
muon-503,
muon-504,
muon-505,
muon-506,
muon-507,
muon-508,
muon-509,
muon-510,
muon-511,
muon-512,
muon-513,
muon-514,
muon-515,
muon-516,
muon-517,
muon-518,
muon-519,
muon-520,
muon-521,
muon-522,
muon-523,
muon-524,
muon-525,
muon-526,
muon-527,
muon-528,
muon-529,
muon-530,
muon-531,
muon-532,
muon-533,
muon-534,
muon-535,
muon-536,
muon-537,
muon-538,
muon-539,
muon-540,
muon-541,
muon-542,
muon-543,
muon-544,
muon-545,
muon-546,
muon-547,
muon-548,
muon-549,
muon-550,
muon-551,
muon-552,
muon-553,
muon-554,
muon-555,
muon-556,
muon-557,
muon-558,
muon-559,
muon-560,
muon-561,
muon-562,
muon-563,
muon-564,
muon-565,
muon-566,
muon-567,
muon-568,
muon-569,
muon-570,
muon-571,
muon-572,
muon-573,
muon-574,
muon-575,
muon-576,
muon-577,
muon-578,
muon-579,
muon-580,
muon-581,
muon-582,
muon-583,
muon-584,
muon-585,
muon-586,
muon-587,
muon-588,
muon-589,
muon-590,
muon-591,
muon-592,
muon-593,
muon-594,
muon-595,
muon-596,
muon-597,
muon-598,
muon-599,
muon-600,
lepton-1,
lepton-2,
lepton-3,
lepton-4,
lepton-5,
lepton-6,
lepton-7,
lepton-8,
lepton-9,
lepton-10,
lepton-11,
lepton-12,
lepton-13,
lepton-14,
lepton-15,
lepton-16,
lepton-17,
lepton-18,
lepton-19,
lepton-20,
lepton-21,
lepton-22,
lepton-23,
lepton-24,
lepton-25,
lepton-26,
lepton-27,
lepton-28,
lepton-29,
lepton-30,
lepton-31,
lepton-32,
lepton-33,
lepton-34,
lepton-35,
lepton-36,
lepton-37,
lepton-38,
lepton-39,
lepton-40,
lepton-41,
lepton-42,
lepton-43,
lepton-44,
lepton-45,
lepton-46,
lepton-47,
lepton-48,
lepton-49,
lepton-50,
lepton-51,
lepton-52,
lepton-53,
lepton-54,
lepton-55,
lepton-56,
lepton-57,
lepton-58,
lepton-59,
lepton-60,
lepton-61,
lepton-62,
lepton-63,
lepton-64,
lepton-65,
lepton-66,
lepton-67,
lepton-68,
lepton-69,
lepton-70,
lepton-71,
lepton-72,
lepton-73,
lepton-74,
lepton-75,
lepton-76,
lepton-77,
lepton-78,
lepton-79,
lepton-80,
lepton-81,
lepton-82,
lepton-83,
lepton-84,
lepton-85,
lepton-86,
lepton-87,
lepton-88,
lepton-89,
lepton-90,
lepton-91,
lepton-92,
lepton-93,
lepton-94,
lepton-95,
lepton-96,
lepton-97,
lepton-98,
lepton-99,
lepton-100,
lepton-101,
lepton-102,
lepton-103,
lepton-104,
lepton-105,
lepton-106,
lepton-107,
lepton-108,
lepton-109,
lepton-110,
lepton-111,
lepton-112,
lepton-113,
lepton-114,
lepton-115,
lepton-116,
lepton-117,
lepton-118,
lepton-119,
lepton-120,
lepton-121,
lepton-122,
lepton-123,
lepton-124,
lepton-125,
lepton-126,
lepton-127,
lepton-128,
lepton-129,
lepton-130,
lepton-131,
lepton-132,
lepton-133,
lepton-134,
lepton-135,
lepton-136,
lepton-137,
lepton-138,
lepton-139,
lepton-140,
lepton-141,
lepton-142,
lepton-143,
lepton-144,
lepton-145,
lepton-146,
lepton-147,
lepton-148,
lepton-149,
lepton-150,
lepton-151,
lepton-152,
lepton-153,
lepton-154,
lepton-155,
lepton-156,
lepton-157,
lepton-158,
lepton-159,
lepton-160,
lepton-161,
lepton-162,
lepton-163,
lepton-164,
lepton-165,
lepton-166,
lepton-167,
lepton-168,
lepton-169,
lepton-170,
lepton-171,
lepton-172,
lepton-173,
lepton-174,
lepton-175,
lepton-176,
lepton-177,
lepton-178,
lepton-179,
lepton-180,
lepton-181,
lepton-182,
lepton-183,
lepton-184,
lepton-185,
lepton-186,
lepton-187,
lepton-188,
lepton-189,
lepton-190,
lepton-191,
lepton-192,
lepton-193,
lepton-194,
lepton-195,
lepton-196,
lepton-197,
lepton-198,
lepton-199,
lepton-200,